{"cameraMode":{"drawMode":0,"name":"Shaded","section":"Shading Mode"},"sceneLighting":false,"audioPlay":false,"sceneViewState":{"m_AlwaysRefresh":false,"showFog":true,"showSkybox":false,"showFlares":true,"showImageEffects":true,"showParticleSystems":true,"showVisualEffectGraphs":true,"m_FxEnabled":true},"in2DMode":false,"pivot":{"x":0.36764994263648989,"y":1.6328905820846558,"z":-0.9123406410217285},"rotation":{"x":-0.0374269038438797,"y":-0.6248612999916077,"z":0.030009863898158075,"w":-0.7792755961418152},"size":0.8746429681777954,"orthographic":false}